1816670	Beijing	Beijing	BJS,Bac Kinh,Baek-ging,Baekging,Bak Ging,Bak Ping,Behehzhin,Beijing,Beijing City,Beijing Shi,Beising,Beixin,Beixín,Bejdzing,Bejdżing,Bejing,Beyjing,Beȝcinȝ,Báe̤k-gĭng,Béising,Běijīng,Bắc Kinh,Dai Dou,Pechin,Pechino,Pechinu,Pechinum,Pecinum,Pei-ching,Pei-ching-shih,Pei-p'ing,Pei-p'ing-shih,Peken,Pekin,Pekin',Pekina,Pekinas,Peking,Pekini,Pekino,Pekín,Pekîn,Peping,Pequim,Pequin,Pequín,Pet-kin,Pet-kîn,Peycing,Pikkin,Pèquin,Pékin,Péqùin,Péycing,Pʻekʻin,Yin Ging,be'ijim,be'ijina,be'ijinga,bei jing,bei jing shi,beidjin,beijing,bijiga,bijing,bijinga,bkyn,buggyeong,byjng,bykyn,byyg'yng,byyzsyng,pakking,peyjin,pkn,Πεκίνο,Бейжің,Бээжин,Бәәҗң балһсн,Пекин,Пекинг,Пекін,Пекінґ,Պեկին,Փեքին,בייג'ינג,בייזשינג,بكين,بيكين,بیجنگ,بېجینګ,بېيجىڭ,بېيجىڭ شەھىرى,پکن,پێکەن,ބީޖިންގ,बीजिंग,बेइजिङ,বেইজিং,ਬੀਜਿੰਗ,બેઇજિંગ,பெய்ஜிங்,బీజింగ్,ಬೀಜಿಂಗ್,ബെയ്‌ജിങ്ങ്‌,බෙයිජිං,ปักกิ่ง,པེ་ཅིང་གྲོང་ཁྱེར།,ပေကျင်းမြို့,პეკინი,ቤዪጂንግ,ប៉េកាំង,北京,北京市,베이징,북경	39.9075	116.39723	P	PPLC	CN		22	11876380			18960744		49	Asia/Shanghai	2025-12-15
1792947	Tianjin	Tianjin	T'ien-chin,T'ien-ching,T'ien-ching-shih,TSN,Tchien-tin,Tchien-ťin,Tehnd'iin,Thien Tan,Thien-tsin,Thiên Tân,Thiên-tsîn,Tiandzinas,Tianjin,Tianjin Shi,Tianjing,Tianjín,Tiantzin,Tiencin,Tiencsin,Tiendzin,Tientsin,Tiençin,Tjan'czin',Tjandzin,Tjandzina,Tjandžin,Tjangino,Tjanĝino,Tjaņdziņa,Tjencin,Tyan'czin',Tyantszin,T’ien-chin,T’ien-ching,T’ien-ching-shih,cheonjin,theiyn cin,ti'anjina,tian jin,tian jin shi,tiyanajina,tiyanijini,tiyanjin,tyanjina,tyanjn,tyanjyn,tyenjin si,tyyng'yn,Τιαντζίν,Тиендзин,Тэндьиин,Тяньцзинь,Тяньцзінь,Тјенцин,טיינג'ין,تيانجين,تيەنجىن شەھىرى,تیانجن,تیانجین,तिआंजिन,त्यांजिन,তিয়ানজিন,ਤਿਆਂਜਿਨ,தியான்ஜின்,ടിയാൻജിൻ,เทียนจิน,ཐན་ཅིན ་གྲོང་ཁྱེར།,ထျန်းကျင်းမြို့,ტიანძინი,ትያንጂን,天津,天津市,천진,톈진 시	39.14222	117.17667	P	PPLA	CN		28	12324202			13866009		11	Asia/Shanghai	2026-08-26
1795270	Shijiazhuang	Shijiazhuang	Chen-t'ou,Chen-t’ou,Chentow,Chioh-ka-chng-chhi,Chio̍h-ka-chng-chhī,S'-tia-cuang,SJW,Shicziyajuan,Shiczjachzhuan,Shih-chia-chuang,Shih-chia-chuang-shih,Shih-chuang-shih,Shih-men,Shih-men-shih,Shihjiazhuang,Shihkiachwan,Shihkiachwang,Shijiazhuang,Shijiazhuang Shi,Shitszyachzhuan,Shizhjazhuan,Shudzjadzhuan,Siciyajuang,Sicsiacsuang,Sidziadzuangas,Sidzjadzuana,Sidzjadzuang,Sigjaguango,Sioh-ga-cong,Sitziazouank,Siŏh-gă-cŏng,Swzgyahcuengh,Thach Gia Trang,Thạch Gia Trang,chux ceiy cwng,sa-cyacvanga,seujajwang si,sh-gyʼgwwʼng,shi jia zhuang,shi jia zhuang shi,shidziajuani,shijiyawaniግ,shjya jھwang,shyjyatshwangh,shyjyazhwang,sijiyajhu'anga,sijiyajhuyam,sizi'azu'anga,Ŝiĝjaĝŭango,Şiciyajuang,Šidziadžuangas,Šidzjadžuana,Šidžjadžuang,Š’-ťia-čuang,Σιτζιαζουάγκ,Шижяжуан,Шицзячжуан,Шиђаџуанг,Шъдзяджуан,Շիցզյաչժուան,שה-גיאגוואנג,شجیا جھوانگ,شىجياجۇاڭ شەھىرى,شيجياتشوانغ,شیجیاژوانگ,शिजियाझुआंग,ष-च्याच्वांग,শিজিয়াঝুয়াং,ਸ਼ੀਜ਼ੀਆਜ਼ੂਆਂਗ,ฉือเจียจวง,შიძიაჯუანი,ሺጂያዋንግ,石家庄,石家庄市,石家荘,石家荘市,石家莊,石家莊市,스자좡 시	38.04139	114.47861	P	PPLA	CN		10	1301			5758403		77	Asia/Shanghai	2026-09-02
1793511	Taiyuan	Taiyuan	Daiyienz,T'ai-yuan-shih,TYN,Tai-nguong,Taigiouan,Taijuan,Taijuana,Taijuaņa,Taiyuan,Taiyuan Shi,Taiyuan-fu,Taiyuenum,Taiyüan-fu,Tajjuan',Tajjuean,Tajjuen,Tajjüan,Tajuanas,Tajuano,Tayyuan,Tchaj-juean,Tchaj-jüan,Thai Nguyen,Thai-goan-chhi,Thài-goân-chhī,Thái Nguyên,Tái-nguòng,T’ai-yüan-shih,Yang-ch'u,Yang-ch’ü,Yangku,Yangkü,Yanka,ta'iyu'ana,ta'iyuyana,tai yuan,tai yuan shi,taiwian si,tay ywan,tayiwani,tayy ywan,tayywan,thayyu'ana,thi hywn,Ταϊγιουάν,Таијуан,Тайюань,Тайюен,טאי-יואן,تائی یوآن,تائی‌یوان,تاي يوان,تاییوان,تەييۈەن شەھىرى,ताइयुआन,थाय्युआन,তাইয়ুয়ান,ਤਾਈਯੂਆਨ,ไท่หยวน,ታይዋን,太原,太原市,타이위안 시	37.86944	112.56028	P	PPLA	CN		24	1401			5305061		795	Asia/Shanghai	2026-08-26
2036892	Hohhot	Hohhot	Choech Chot,Choech chot,Chöch Chot,Chöch chot,HET,Hohhot,Hohhot Shi,Hohhot-chhi,Hohhot-chhī,Hohhot-su,Hohhot-sṳ,Hohotas,Hohoto,Hou-ho,Hoxhot,Hoĥoto,Hu-ho-hao-t'e,Hu-ho-hao-t'e-shih,Hu-ho-hao-t’e,Hu-ho-hao-t’e-shih,Huhe Hoter,Huhehaote,Huhehot,Huhhot,Hūhéhàotè,Khokh khot,Khokhot,Khukh-Khoto,Koekxot shehiri,Kuei-hua,Kuei-sui,Kuei-sui-hsien,Kuei-sui-shih,Kuku-khoto,Kwei-hwa-cheng,Kwei-hwa-ting,Kweihwa,Kweihwa-Suiyuan,Kweisui,Kweisui-hsien,Kökxot shehiri,Suiyuan,Suiyüan,fufuhoto,fufuhoto shi,hohahata,hohhota,hohihoti,hohota,hu he hao te,hu he hao te shi,hu hxt,hu shi,huheohaoteo si,hwhhwt,hwhwt,Хох хот,Хохот,Хух-Хото,Хөх хот,חוחחוט,هوهوت,ہw ہaٹ,ہو ہاٹ,ہوہوٹ,होहोत,होह्होट,হোহহট,ਹੋਹ੍ਹੋਟ,ฮูฮอต,མཁར་སྔོན་གྲོང་ཁྱེར།,ሆህሆት,ᠬᠥᠬᠡᠬᠣᠲᠠ,フフホト,フフホト市,呼和浩特,呼和浩特市,呼市,후허하오터 시	40.81056	111.65222	P	PPLA	CN		20	1501			3446100		1051	Asia/Shanghai	2026-08-26
2034937	Shenyang	Shenyang	Feng-t'ien,Feng-t’ien,Moukden,Mukden,SHE,Sen'gian'nk,Sen-jang,Senjana,Senjang,Senjangas,Senjango,Senyanq,Shehn'jan,Shehn'jan khot,Shen'jan,Shen-yang-hsien,Shen-yang-shih,Shengking,Shenjang,Shenyan,Shenyang,Shenyang Shi,Shunjan,Sim-iong-chhi,Sing-iong,Sjenyang,Swnjyangh,Sím-iông-chhī,Sīng-iòng,Tham Duong,Thẩm Dương,cenyan,chen yang,chen yang shi,san'yanga,sein hyang,sen'yan,sena'iyam,senayanga,seon-yang,seon-yang si,shen yang,shen yang shi,sheniyaniግ,shnyang,shnyangh,shyn yang,shynyang,sim-yang,Ŝenjango,Şenyanq,Šen-jang,Šenjangas,Šeņjana,Σενγιάνγκ,Шеньян,Шеньяң,Шенјанг,Шънян,Шэньян,Шэньян хот,שן-יאנג,شنيانغ,شنیانگ,شن‌یانگ,شین یانگ,شینیانگ,شېنياڭ شەھىرى,शेनयांग,षन्यांग,শেনইয়াং,ਸ਼ੇਨਯਾਂਗ,சென்யாங்,ഷെന്യാങ്,เสิ่นหยาง,ሼንያንግ,沈阳,沈阳市,瀋陽,瀋陽市,선양,선양 시,심양	41.79222	123.43278	P	PPLA	CN		19	2101			9070093		53	Asia/Shanghai	2026-08-26
1814087	Dalian	Dalian	DLC,Dairen,Dal'niy,Dalian,Dalian City,Dalian Shi,Daljan',Dalny,Dal’niy,Lu-ta,Lu-ta-shih,Lueda,Lueta,Luta,Lü-ta,Lü-ta-shih,Lüda,Lüta,Ntalian,Ta-lien,Ta-lien-shih,da lian,da lian shi,daelyeon,dalyan,dalyen si,dʼlyyn,lu da,ta heliyn,Νταλιάν,Далянь,דאליין,داليان,دالیان,ต้าเหลียน,大连,大连市,大連,大連市,旅大,다롄 시,대련	38.91222	121.60222	P	PPL	CN		19	2102			7450785		33	Asia/Shanghai	2026-08-25
2036502	Jilin	Jilin	Cat Lam,Chi-lin,Chi-lin-shih,Chi-ling,Ciudad de Jilin,Csilin,Czilin',Cát Lâm,Dzilin,Dzilinas,Džilin,Gek-ling,Gilino,Girin,Girin khot,Gék-lìng,JIL,Jilin,Jilin Ceety,Jilin City,Jilin Hiria,Jilin Shi,Jilin i Jilin,Jilinstad,Kiat-lim-chhi,Kiat-lîm-chhī,Kilin,Kirin,Kota Jilin,Ti-lin,Yung-chi,Yung-chi-hsien,Yung-chi-shih,Yungki,gylyn,ji lin,ji lin shi,jilin si,jilina,Ĝilino,Ťi-lin,Ђилин,Гирин,Гирин хот,Дзилин,Цзилинь,Ґірін,גילין,جىلىن شەھىرى,جیلن شہر,جی‌لین,ਜਿਲਿਨ,吉林,吉林市,지린 시	43.84652	126.5608	P	PPLA2	CN		05	2202			1895865		188	Asia/Shanghai	2026-06-01
2038180	Changchun	Changchun	CGQ,Cancun,Cancuna,Cangcun,Cangcunas,Cangcuno,Cangzcenh,Cchang-cchun,Ch'ang-ch'un-hsien,Ch'ang-ch'un-shih,Chanchun,Chanchun',Changchuen,Changchun,Changchun Shi,Chhong-chhun-su,Chhòng-chhûn-sṳ,Ch’ang-ch’un-hsien,Ch’ang-ch’un-shih,Csangcsun,Diong-chung,Diòng-chŭng,Hsin-chin,Hsin-ching,Hsinking,K'ua-ch'eng-tzu,Kwan-cheng-tze,K’ua-ch’eng-tzu,Tiong-chhun-chhi,Tiông-chhun-chhī,Truong Xuan,Trường Xuân,Tschangtung,cancuna,cangacuna,caniግcuni,chang chwn,changachuna,changchun si,changchwn,jangchun,tshanghtshwn,zhang chun,zhang chun shi,Çangçun,Çançun,Ĉangĉuno,Čangčun,Čangčunas,Čančuņa,Čchang-čchun,Чангчуен,Чанчун,Чанчунь,Чанчүнь хот,Չանչուն,צאנגצון,تشانغتشون,چانگ چون,چانگچون,چاڭچۈن شەھىرى,चांगचून,छांगछुन,চাংচুন,ਚਾਂਗਚੁਨ,ചാങ്ചൻ,ချောင်ချွန်းမြို့,ቻንግቹን,長春,長春市,长春,长春市,장춘,창춘 시	43.88	125.32278	P	PPLA	CN		05	2201			5691024		206	Asia/Shanghai	2026-09-02
2037013	Harbin	Harbin	Cap Nhi Tan,Charbin,Charbinas,Charmpin,Cáp Nhĩ Tân,HRB,Ha'erbin,Ha-erh-pin,Ha-erh-pin-shih,Harbin,Harbin Shi,Harbin-chhi,Harbin-chhī,Harbina,Harbino,Harbinq,Ha’erbin,Kharbin,Lungsod ng Harbin,Pin-chiang,Pin-chiang-hsien,Pinkiang,Xarbin,ha er bin,ha er bin shi,ha-eolbin si,har bin,harabina,harbn,harbyn,haribini,harpina,harubin,harubin shi,hrbyn,kharbini,Χαρμπίν,Харбин,Харбін,Խարբին,חרבין,خاربىن شەھىرى,هاربن,هاربین,ہarbn,ہاربن,हारबिन,हार्पिन,হারবিন,ਹਾਰਬਿਨ,ฮาร์บิน,ဟာရ်ပင်းမြို့,ხარბინი,ሃርቢን,ハルビン,ハルビン市,哈尔滨,哈尔滨市,哈爾濱,하얼빈 시	45.75	126.65	P	PPLA	CN		08	2301			10009854		140	Asia/Shanghai	2026-08-26
1796236	Shanghai	Shanghai	Gaa Ding,Ka Ting,SHA,San'nkae,Sanchajus,Sangaj,Sangay,Sanghaj,Sanghay,Sanhaja,Sanhajo,Sanxay,Schanghai,Seung hoi,Shang-hai,Shang-hai-shih,Shangai,Shangaj,Shanghai,Shanghai City,Shankhaj,Shanxay,Sheung Hoi,Shànghǎi,Sjanghae,Sjanghai,Sjanghæ,Szanghaj,Thuong Hai,Thượng Hải,Xangai,cankay,hu,sagha'i,sangha'i,sanghae,sanghai,seiynghi,shang hai,shang hai shi,shanghay,shanghhay,shanhai,shaniግhayi,shnghay,shngھayy,zhong guo shang hai,Ŝanhajo,Şangay,Şanghay,Şanxay,Šanchajus,Šangaj,Šanghaj,Šanhaja,Σανγκάη,Шангај,Шанхай,שאנגחאי,شانغهاي,شانگهای,شاڭخەي,شاڭخەي شەھىرى,شنگهای,شنگھائی,शंघाई,সাংঘাই,ਸ਼ੰਘਾਈ,சாங்காய்,เซี่ยงไฮ้,ཧང་ཧའ་གང་ཁར།,ཧྲང་ཧའེ་གྲོང་ཁྱེར།,შანჰაი,ሻንግሃይ,上海,上海市,中国上海,沪,상하이,상해	31.22222	121.45806	P	PPLA	CN		23	12324204			24874500		12	Asia/Shanghai	2026-08-26
1799962	Nanjing	Nanjing	Lâm-kiaⁿ-chhī,NKG,Nam Kinh,Nam-kin-su,Namkin,Nan'czin,Nan'zhin,Nan-ching,Nan-ching-shih,Nanchino,Nanchinum,Nandzing,Nandzjina,Nandžing,Nang-ging,Nanjing,Nanjing Shi,Nankijn,Nankin,Nankinas,Nanking,Nankingo,Nankín,Nanquim,Nanquin,Nanquín,Nantsin'nk,Nanzging,Naņdzjina,Nàm-kîn-sṳ,Nàng-gĭng,hnan cing,namgyeong,nan jing,nan jing shi,nanajiga,nanajim,nanajinga,nancin,nanijiniግ,nanjina,nanjing,nanjing si,nanjinga,nanjng,nanjyng,nanjyngh,nnjng,nʼngyng,Ναντσίνγκ,Нанкин,Нанкинг,Нанкін,Наньжин,Наньцзин,Нәнҗиң,Նանկին,נאנגינג,نانجنگ,نانجينغ,نانجینگ,ننجنگ,نەنجىڭ شەھىرى,नांजिंग,नानजिंग,नान्जिङ,নানজিং,ਨਾਨਜਿੰਗ,நாஞ்சிங்,നാൻജിങ്,หนานจิง,နန်ကျင်းမြို့,ნანკინი,ናንጂንግ,南京,南京市,난징,난징 시,남경	32.06167	118.77778	P	PPLA	CN		04	3201			9314685		22	Asia/Shanghai	2026-04-13
1790923	Wuxi	Wuxi	Bu-sek-chhi,Bû-sek-chhī,U-sek,Usi,Usis,Vo Tich,Vuhszi,Vusi,Vusio,Vuzsiz,Vuŝio,Vuši,Vô Tích,WUX,Wu-hsi,Wu-hsi-hsien,Wu-hsi-shih,Wu-si,Wusih,Wusih-hsien,Wusihsien,Wuxi,Wuxi Shi,usi si,vukasi,wu xi,wu xi shi,wwshy,wwsy,xu si,Ù-sék,Вуси,Уси,Усі,Үshi,Үши,וושי,ووشي,ووشی,ۋۇشى شەھىرى,ਵੁਕਸੀ,อู๋ซี,ཝུའུ་ཞི།,无锡,无锡市,無錫,無錫市,우시 시	31.56887	120.28857	P	PPLA2	CN		04	3202			4396835		10	Asia/Shanghai	2025-02-26
1886760	Suzhou	Suzhou	SZV,So-chiu-chhi,Soochow,Soutsoou,So͘-chiu-chhī,Su-chou,Su-chu-su,Su-ciu,Su-cou,Su-čou,Suchjou,Suchzhou,Sudzhou,Sudzou,Sudžou,Sugouo,Sutsjou,Suzhou,Suzhou Shi,Suzhou i Jiangsu,Suĝoŭo,Szucsou,Sû-chû-sṳ,Sŭ-ciŭ,To Chau,Tô Châu,Wu-hsien,cuco,ssujeou si,su cow,su zhou,su zhou shi,sujho'u,suzu,swgwʼw,swjw,swzhw,swzhww,Σουτσόου,Суджоу,Сучжоу,Сучжоў,Суџоу,Сүжоу,Սուչժոու,סוגואו,سوجو,سوژو,سوژوو,سۇجۇ شەھىرى,सूझोऊ,ਸੂਜ਼ੂ,சுசோ,ซูโจว,苏州,苏州市,蘇州,蘇州市,쑤저우 시	31.30408	120.59538	P	PPLA2	CN		04	3205			6715559		10	Asia/Shanghai	2024-03-26
1808926	Hangzhou	Hangzhou	Chan'nktsoou,Chang-cou,Chang-čou,HGH,Hancheum,Hanchow-fu,Hanczou,Handzou,Handžou,Hang,Hang Chau,Hang-chiu-chhi,Hang-chou,Hang-chou-shih,Hang-hsien,Hangchow,Hangcsou,Hangdzou,Hangdžou,Hanggouo,Hangtsjou,Hangzcouh,Hangzhou,Hangzhou City,Hangzhou Shi,Hangĝoŭo,Hančžou,Hong-chu-su,Hong-ciu,Hàng Châu,Hâng-chiu-chhī,Hòng-chû-sṳ,Hòng-ciŭ,Khanchzhou,Khandzhou,Khangdzou,Khangzhou,Khanzhou,Xanchjou,Xangzhou,hang cow,hang zhou,hang zhou shi,hangacau,hangajho'u,hanghtshw,hangjeou,hangjeou si,hangju,hangzhw,haniግzoው,hanjha,hannaco,hyanjha'o,hʼnggwʼw,kancu,Χανγκτσόου,Хангџоу,Ханджоу,Ханжоу,Ханчжоу,האנגגואו,خاڭجۇ شەھىر,هانغتشو,هانگژو,ہang jw,ہانگ جو,ہانگژو,हांगचौ,हांगझोऊ,হ্যাংঝাও,ਹਾਂਙਚੋ,காங்சூ,ഹാങ്ഝൗ,หางโจว,ཧང་ཀྲོའུ།,ሃንግዞው,杭州,杭州市,항저우,항저우 시,항주	30.29365	120.16142	P	PPLA	CN		02	3301			11936010		12	Asia/Shanghai	2026-08-26
1808722	Hefei	Hefei	Che-fej,Chefei,HFE,Hak-bui,Hap-pui-chhi,Ha̍p-pûi-chhī,Hefei,Hefei Shi,Hefej,Hefejo,Hefejus,Hefey,Hefėjus,Heyfey,Ho-fei,Ho-fei-hsien,Ho-fei-shih,Hofej,Hop Phi,Hozfeiz,Hăk-bùi,Hợp Phì,Khefej,Khehfehj,Khufej,Lu-chou,Luchow,Luchowfu,Lunchow,haphai,he fei,he fei shi,hefe'i,heopei si,hephe'i,hexfey,heፌyi,hfyy,khfy,Χεφέι,Хефей,Хефеј,Хъфей,Хэфэй,Хөфэй,Հեյֆեյ,خفي,خېفېي شەھىر,هفئی,ہیفئی,ہیفیئی,ہے fy,ہے فی,हफै,हेफ़ेई,হেফেই,ਹੇਫੇਈ,เหอเฝย์,ሄፌይ,合肥,合肥市,허페이 시	31.86389	117.28083	P	PPLA	CN		01	3401			9465881		24	Asia/Shanghai	2026-08-26
1810821	Fuzhou	Fuzhou	FOC,Focheum,Foochow,Foutsoou,Fouzhou,Fu-chou,Fu-chou-shih,Fu-cou,Fu-čou,Fuchau,Fucheu,Fuchzhou,Fucjou,Fucsou,Fudzhou,Fudzou,Fudžou,Fugouo,Fuk-chu-su,Fuk-chû-sṳ,Futsjou,Fuzcouh,Fuzhou,Fuzov,Fuçjou,Fuĝoŭo,Fužov,Hok-chiu-chhi,Hok-chiu-chhī,Hok-ciu,Hók-ciŭ,Lin-sen,Lin-sen-hsien,Min Hsien,Min-hou,Min-hou-hsien,Min-hou-hsien-ch'eng,Min-hou-hsien-ch’eng,Minhow,Minhow-hsien,Phuc Chau,Phúc Châu,fu zhou,fu zhou shi,fuco,fujho'u,fw jw,fwjw,fwzhw,phucau,phujha'o,pujeou si,pwg'wʼw,Φουτσόου,Фуджоу,Фучжоу,Фучжоў,Фуџоу,פוג'ואו,فو جو,فوجو,فوزهو,فوژو,فۇجو شەھىرى,फ़ूझोउ,फूचौ,ফুঝাও,ਫ਼ੂਚੋ,ဖူကျိုးမြို့,ፉzoው,ፉዞው,福州,福州市,푸저우 시	26.06139	119.30611	P	PPLA	CN		07	3501			4094491		14	Asia/Shanghai	2026-09-02
1790645	Xiamen	Xiamen	A-muong,Amoy,E-mng-chhi,Ha Mon,Ha-mun-su,Ha-mùn-sṳ,Hiyamin,Hsia-men,Hsia-men-shih,Hsziamen,Hạ Môn,Shamen,Sia-men,Siamen,Siamenas,Sjamehn',Sjamen,Sjamen',Sjamun,Sjamyn',Ssu-ming,Ssu-ming-hsien,Szeming-hsien,XMN,Xiamen,Xiamen - sha men,Xiamen City,Xiamen Shi,seiy he min,sha men,sha men shi,shyamn,shyamyn,siamini,syameon si,Â-muòng,Ē-mn̂g-chhī,Šjamen,Σιαμέν,Сямень,Сямън,Сямынь,Сямэнь,Сјамен,שיאמן,شيامن,شيامېن شەھىرى,شیامن,شیامین,เซี่ยเหมิน,სიამინი,厦门,厦门市,廈門,廈門市,샤먼 시	24.47979	118.08187	P	PPLA2	CN		07				4617251		12	Asia/Shanghai	2024-09-05
1800163	Nanchang	Nanchang	KHN,Lam-chhiong-chhi,Lâm-chhiong-chhī,Nam Xuong,Nam Xương,Nam-chhong-su,Nan'chan,Nan-cchang,Nan-ch'ang-hsien,Nan-ch'ang-shih,Nan-ch’ang-hsien,Nan-ch’ang-shih,Nan-čchang,Nancan,Nancana,Nancang,Nancangas,Nancano,Nanchan,Nanchang,Nanchang-fu,Nancianga,Nancsang,Nang-chiong,Nanzcangh,Nançan,Nanĉano,Nančang,Nančangas,Naņčana,Nàm-chhông-sṳ,Nàng-chiŏng,nan chang,nan chang shi,nanacanga,nanacham,nanachanna,nanchang,nanchang si,nanicaniግ,nantshangh,nnchang,nʼnzʼng,Нанчан,Нанчанг,Наньчан,נאנצאנג,نانتشانغ,نانچانگ,ننچانگ,نەنچاڭ شەھىرى,नानचांग,নানছাং,ਨਾਨਛਾਂਙ,နန်ချောင့်မြို့,ናንቻንግ,南昌,南昌市,난창 시	28.68396	115.85306	P	PPLA	CN		03	3601			2357839		20	Asia/Shanghai	2026-04-13
1805753	Jinan	Jinan	Ca-nang,Che-lam-chhi,Chi-nam-su,Chi-nan,Chi-nan-shih,Chi-nàm-sṳ,Chè-lâm-chhī,Cijnanz,Cinanum,Csinan,Czinan',Cá̤-nàng,Dzinan,Dzinanas,Dzjinana,Dzjinaņa,Džinan,Ginano,Jinan,Jinan Shi,Li-ch'eng,Li-ch’eng,Szinan,TNA,Te Nam,Ti-nan,Tsi-nan-fu,Tsinah,Tsinan,Tzinan,Tế Nam,Zhinan',ci hnan,cinana,gynʼn,ji nan,ji nan shi,jinan si,jinana,jinani,jnan,jynan,Ĝinano,Ťi-nan,Τζινάν,Ђинан,Дзинан,Жинань,Цзинань,Цзінань,Ցզինան,גינאן,جنان,جىنەن شەھىرى,جينان,جینان,जीनान,জিনান,ਚੀਨਾਨ,จี่หนาน,ཅི་ནན།,ကျီနန်မြို့,ጂናን,济南,济南市,済南,済南市,濟南,濟南市,지난 시	36.66833	116.99722	P	PPLA	CN		25	3701			8352574		32	Asia/Shanghai	2026-09-02
1784658	Zhengzhou	Zhengzhou	CGO,Cencou,Ceng-cou,Cengcou,Cheng,Cheng-chou,Cheng-chou-shih,Cheng-hsien,Chengchow,Chhiang-chu-su,Chhiáng-chû-sṳ,Chzhehnchzhou,Chzhenchzhou,Cjencjou,Csengcsou,Cwngcouh,Czengczou,Dang-ciu,Dzendzou,Dzengdzou,Dzengdzov,Dzhundzhou,Dâng-ciŭ,Džendžou,Džengdžou,Džengdžov,Genggouo,Trinh Chau,Trịnh Châu,Tsentsoou,Tēⁿ-chiu-chhī,Zengzou,Zhengtsjou,Zhengzhou,Zhengzhou Shi,canaco,cancau,ceing cow,cencavu,iPhone City,jenjya'o,jeongjeou si,jhengajho'u,tshnghtshw,zheng zhou,zheng zhou shi,zheniግzoው,zhngzhw,zhyngzhw,Çengçou,Çjençjou,Čeng-čou,Ĝengĝoŭo,Žengžou,Τσεντσόου,Џенгџоу,Джънджоу,Жөнжоу,Чженчжоу,Чжэнчжоу,Чжэнчжоў,تشنغتشو,جېڭجۇ شەھىرى,ژنگژو,ژینگژو,चंचौ,झेंगझोऊ,জেংজ্যাও,ਚੰਙਚੋ,செங்சவு,เจิ้งโจว,ကျင့်ကျိုးမြို့,ዠንግዞው,郑州,郑州市,鄭州,鄭州市,정저우 시	34.75778	113.64861	P	PPLA	CN		09	4101			6650532		104	Asia/Shanghai	2026-09-02
1791247	Wuhan	Wuhan	Bu-han-chhi,Bú-hàn-chhī,Gouchan,Owhan,U-hang,Uhan,Uhana,Uhanas,Uhaņa,Ukhan,Ukhan',Uxan,Vu Han,Vu-hon-su,Vuhan,Vuhani,Vuhano,Vujhan,Vukhan,Vú-hon-sṳ,Vũ Hán,WUH,Wu-chan,Wu-han-shih,Wuhan,Wuhan Shi,uhan si,uhana,ukhani,uuxan,vuhana,vukan,vukhana,whan,wu han,wu han shi,wwhan,xu han,Ū-háng,Γουχάν,Вухан,Вухан балһсн,Ухан,Ухань,Үkhan',Үхань,Үһән,Ուհան,ווהאן,وهان,ووهان,ووھان,ووہان,ۋۇخەن شەھىرى,ܘܘܗܐܢ,वूहान,উহান,ਵੂਖ਼ਨ,வுகான்,വൂഹാൻ,อู่ฮั่น,ཝུའུ་ཧན་གྲོང་ཁྱེར།,ဝူဟန့်မြို့,უხანი,ዉሃን,武汉,武汉市,武漢,武漢市,우한 시,𐍅𐌿𐌷𐌰𐌽	30.58333	114.26667	P	PPLA	CN		12	4201			13739000		20	Asia/Shanghai	2026-08-26
1815577	Changsha	Changsha	CSX,Cangsa,Cangzsah,Cansa,Cchang-sa,Ch'ang-sha-hsien,Ch'ang-sha-shih,Changsha,Changsha City,Changsja,Chansha,Chhong-sa-su,Chhòng-sâ-sṳ,Ch’ang-sha-hsien,Ch’ang-sha-shih,Csangsa,Diong-sa,Diòng-să,Tng-soa-chhi,Tn̂g-soa-chhī,Truong Sa,Trường Sa,Tsan'nksa,cangasa,caniግsha,cansa,chang cha,chang sha,changsa,changsa si,changsha,changsha shەھyr,channasa,tshanghsha,zhang sha,zhang sha shi,Çangşa,Ĉangŝa,Čangša,Čanša,Čchang-ša,Τσανγκσά,Чангша,Чанша,Չանշա,تشانغشا,چانگ شا,چانگشا,چاڭشا شەھىر,चांगशा,छांग्षा,চাংশা,ਛਾਂਙਸ਼ਾ,ฉางชา,ချနဆားမြ,ချန်ဆားမြို့,ቻንግሻ,長沙,長沙市,长沙,长沙市,창사 시	28.19874	112.97087	P	PPLA	CN		11	4301			3093980		67	Asia/Shanghai	2026-04-13
1809858	Guangzhou	Guangzhou	CAN,Cantao,Canton,Cantão,Cantón,Fan-yu,Fan-yü,Guanchjou,Guanchzhou,Guanczou,Guand'ou,Guandzhou,Guandzou,Guandžou,Guangdzou,Guangdzov,Guangdžou,Guangdžov,Guangjow,Guangsu,Guangzhou,Guangzhou Shi,Guanzhou,Guančžou,Guaңҗu,Guong-ciu,Guōng-ciŭ,Guǎngzhōu,Gvangjcouh,Gwong Zau,Hiroshu,Hiroshū,Kanton,Kantono,Kng-chiu-chhi,Kong-chu-su,Koshu,Kouan'nktsoou,Kouang-chou,Kuang-chou,Kuang-chou-shih,Kwang-chowfu,Kwangchow,Kwangtsjou,Kwong Chau,Kóng-chû-sṳ,Kńg-chiu-chhī,Kōshū,P'an-yu,Puyun,Puyün,P’an-yü,Quancheum,Quancjou,Quang Chau,Quançjou,Quảng Châu,Shengcheng,ghwanzw,gu'angazu,guang zhou,guang zhou shi,guanjou,guyanjho,gvangajho'u,gvanjea,gwang jw,gwangjeou,gwangjeou si,gwangzhw,gwaniግzoው,gwʼnggwʼw,kantwn,kuvanco,kvangacau,kwang cow,shynyang,Κουανγκτσόου,Гуангџоу,Гуанджоу,Гуандьоу,Гуанжоу,Гуанчжоу,Гуанчжоў,Гуаңҗу,Кантон,Գուանչժոու,גואנגגואו,شینیانگ,غوانزو,کانتون,گوانگ جو,گوانگژو,گوانگ‌ژو,گۇاڭجۇ شەھىرى,क्वांगचौ,ग्वांगझोउ,গুয়ংঝো,ਗੁਆਂਗਜ਼ੂ,குவாங்சோ,ഗ്വാങ്ജോ,กว่างโจว,ກວ່າງໂຈວ,ཀོང་ཀྲོའུ་གྲོང་ཁྱེར།,ကွမ်ကျိုးမြို့,გუანჯოუ,ጓንግዞው,广州,广州市,広州,広州市,廣州,廣州市,광저우,광저우 시	23.11667	113.25	P	PPLA	CN		30	4401			18676605		15	Asia/Shanghai	2026-08-26
1795565	Shenzhen	Shenzhen	Bao'an,Chhum-chun-su,Chhṳ̂m-chun-sṳ,Pao-an,Pao-an-hsien,SZX,Sam Zan,Sen-cen,Sencjen,Sencsen,Sendzenas,Senjeno,Senzden,Senzen,Sham Chan,Sham Chun,Sham Chun Hu,Shehn'chzhehn',Shen'chzhen',Shen-ch'uan,Shen-ch'uan-chen,Shen-ch'uan-hsu,Shen-ch'üan,Shen-ch'üan-chen,Shen-ch'üan-hsü,Shen-chen,Shen-chun,Shendzen,Shenzen,Shenzhen,Shiem Chun,Shumchun,Shumchün,Shundzhun,Shēnzhèn,Tham Quyen,Thâm Quyến,Tschhimtschun,bao an,cenccen,sainazaina,sein cein,senacena,sencena,senjhena,seonjeon si,shen zhen,shen zhen shi,shensen shi,shynzhyn,shynzyn,simcheon,sng'n,xin an,Ŝenĵeno,Şençjen,Šen-čen,Šendženas,Šenžden,Šenžen,Шеньчжень,Шенџен,Шънджън,Шэньчжэнь,שנג'ן,شن‌ژن,شينزين,شینژین,شېنجېن شەھىرى,शेन्झेन,षेंचेन,শেনচেন,ਸ਼ੈਨਜ਼ੈਨ,சென்ச்சென்,షెన్‌జెన్,เซินเจิ้น,宝安,寶安,新安,深セン市,深圳,深圳市,선전 시,심천	22.54554	114.0683	P	PPLA2	CN		30	4403			17494398		4	Asia/Shanghai	2025-10-22
1812545	Dongguan	Dongguan	Deng-uang,Dongguan,Dongguan City,Dongwen shehiri,Dunguan,Dunguan',Dĕ̤ng-uāng,GJong Hoan,Ntonkouan,Tong-koan-chhi,Tong-kóan-chhī,Tung-kon-su,Tung-kuan,Tungkuan,Tungkun,Tûng-kón-sṳ,XHO,dong guan,dong guan shi,dong wan shi,donggu'ana,dung-gwan si,dwnghqwan,dwngwan,tonkuvan,Đông Hoản,Ντογκουάν,Донггуан,Дунгуан,Дунгуань,Дунґуань,דונגגוואן,دونغقوان,دونگوان,ڈwngwan,ڈونگ گوآن,ڈونگوان,डोंग्गूआन,டொங்குவான்,东莞,东莞市,東莞,東莞市,둥관 시	23.01797	113.74866	P	PPLA2	CN		30	4419			9644871		1	Asia/Shanghai	2024-03-26
1799869	Nanning	Nanning	Lam-leng-chhi,Lâm-lêng-chhī,NNG,Nam Ninh,Nam-nen-su,Namzningz,Nan'nin,Nan-ning,Nan-ning-shih,Nang-ning,Nanin,Naning,Naningas,Naningo,Nannin,Nannina,Nanning,Nanning Shi,Nanninq,Naņnina,Nàm-nèn-sṳ,Nàng-nìng,Yung-ning,Yung-ning-hsien,hnan hning,nan ning,nan ning shi,nananinga,naniga,nanim,nanininiግ,nanning si,nannyng,nanyng,nanyngh,Нанин,Нанинг,Наньнин,Наньнін,ناننینگ,نانينغ,نانينگ,نانینگ,نان‌نینگ,نەننىڭ شەھىرى,नाननींग,নানিং,ਨਾਨਿੰਗ,หนานหนิง,ནན་ཉིང་གྲོང་ཁྱེར།,ናንኒንግ,南宁,南宁市,南寧,南寧市,난닝 시	22.81667	108.31667	P	PPLA	CN		16	4501			5977185		91	Asia/Shanghai	2026-09-02
1809078	Haikou	Haikou	Chaj-kchou,HAK,Ha k'uo-shih,Ha k’uo-shih,Hai Khau,Hai-k'ou-shih,Hai-k'ou-so-ch'eng,Hai-kau,Hai-khau-chhi,Hai-k’ou-shih,Hai-k’ou-so-ch’eng,Haijgouj,Haik-how,Haikou,Haikou Shi,Haikow,Hajkou,Hajkouo,Hajkoŭo,Haykou,Heihow,Hoi Hao,Hoihau,Hoihow,Hái-kháu-chhī,Hāi-kāu,Hải Khẩu,Khajkou,Xeyko shehir,ha'iko,ha'iko'u,hai kou,hai kou shi,haikeou si,hayikwe,haykw,Хайкоу,Хајкоу,هايكو,هایکو,ہayykw,ہائکو,ہائیکؤ,ہائیکو,हाइकोऊ,হাইকো,ਹਾਈਕੋਊ,ཧའེ་ཁོའུ་གྲོང་ཁྱེར།,ဟိုင်းခိုမြို့,ሃይኮ,海口,海口市,하이커우 시	20.03421	110.34651	P	PPLA	CN		31	4601			3001600		9	Asia/Shanghai	2026-08-26
1814906	Chongqing	Chongqing	CKG,CQL,Cchung-cching,Ch'ung-ch'ing,Ch'ung-ch'ing-shih,Chongking,Chongqing,Chongqing (Chongqing Shi),Chongqing - zhong qing,Chongqing Shi,Chuncin,Chungking,Ch’ung-ch’ing,Ch’ung-ch’ing-shih,Congcing,Congcingas,Congcingo,Csungking,Cuncjina,Cunkinq,Pa,Pa-hsien,Trung Khanh,Trùng Khánh,Tshung-khin,Tshùng-khin,Tsjoengking,Yu-chou,Yuzhou,Yü-chou,cankim,caungakiga,ceancin,chng ching,chungching si,chwng kng,chwng kyng,chwngchng,congachinga,congkinga,coniግciniግ,conkin,tshwnghtshyngh,z'wngz'yng,zhong qing,zhong qing shi,Çongçing,Çunkinq,Ĉongĉingo,Čchung-čching,Čongčing,Čongčingas,Čuncjina,Чунгкинг,Чунцин,Чунцін,צ'ונגצ'ינג,تشونغتشينغ,چونگ کنگ,چونگ کینگ,چونگچنگ,چونگ‌کینگ,چۇڭچىڭ شەھىرى,चोंगछिंग,चोंग्किंग,চংকিং,ਚੌਂਗਕਿੰਗ,சோங்கிங்,ചോങ്ചിങ്,ฉงชิ่ง,ཁྲུང་ཆིན་གྲོང་ཁྱེར།,ቾንግቺንግ,重庆,重庆市,重慶,重慶市,충칭 시	29.56026	106.55771	P	PPLA	CN		33	8739734			22000000		289	Asia/Shanghai	2026-09-01
1815286	Chengdu	Chengdu	CTU,Ccheng-tu,Cendu,Cengdu,Cengduo,Ch'eng-tu,Ch'eng-tu-hsien,Ch'eng-tu-shih,Chehndu,Chendu,Chengdu,Chengdu Shi,Chengdú,Chundu,Chөndү,Ch’eng-tu,Ch’eng-tu-hsien,Ch’eng-tu-shih,Csengtu,Cwngzduh,Hua-yang,Sang-tu-su,Seng-to-chhi,Sing-du,Sàng-tû-sṳ,Sêng-to͘-chhī,Sìng-dŭ,Thanh Do,Thành Đô,Tianfu,Tin fu,Tsen'nkntou,Txengdu,cendu,cengadu,ceniግdu,centu,chantu,cheing tu,cheng dou,cheng dou shi,cheongdu si,chng dw,chngdw,chyngdw,chېngdۇ shەھyr,tian fu,tshnghdw,zngdw,Çengdu,Ĉengduo,Čcheng-tu,Čendu,Čengdu,Τσενγκντού,Ченгду,Ченду,Чънду,Чыңду,Чэнду,Чөндү,Չենդու,צנגדו,تشنغدو,چنگ دو,چنگدو,چینگدو,چېڭدۇ شەھىر,चेंगदू,छंतू,চেংদু,ਚੇਂਗਦੂ,செங்டூ,เฉิงตู,ချင်းဒူမြို့,ቼንግዱ,天府,成都,成都市,청두 시	30.66667	104.06667	P	PPLA	CN		32	5101			20937757		499	Asia/Shanghai	2026-08-26
1809461	Guiyang	Guiyang	Goi-iong,Guejang,Guejjan,Guijang,Guijangas,Guijango,Guiyang,Guiyang Shi,Gujjan,Guyan,Guyyan,Gveiyangz,Gói-iòng,Gŭijango,KWE,Kuei-chu,Kuei-yang,Kuei-yang-shih,Kuej-jang,Kui-iong-chhi,Kweichu,Kweiyang,Kweiyangfu,Kùi-iông-chhī,Queiyanga,Quy Duong,Quyinq,Quý Dương,gayiyaniግ,ghwyyangh,gu'iyam,gu'iyanga,gu-iyang si,gui yang,gui yang shi,gwy yang,gwyyang,kuy hyang,Гуейян,Гуејанг,Гуйян,Ґуйян,Գույան,غوييانغ,گوئیانگ,گوی یانگ,گۇيياڭ شەھىرى,गुइयांग,গুইয়াং,ਗੁਈਯਾਂਗ,กุ้ยหยาง,ကွေ့ယန်မြို့,ጋይያንግ,貴陽,貴陽市,贵阳,贵阳市,구이양 시	26.58333	106.71667	P	PPLA	CN		18	5201			4506134		1087	Asia/Shanghai	2026-09-02
1804651	Kunming	Kunming	Con Minh,Côn Minh,Gvwnhmingz,K'un-ming-hsien,K'un-ming-shih,KMG,Kchun-ming,Khun-beng-chhi,Khun-bêng-chhī,Kong-ming,Kounmink,Kuenming,Kun'min,Kun'min shaary,Kun'min',Kunmin,Kunmina,Kunming,Kunming Shi,Kunmingas,Kunmingo,Kunminq,Kuņmina,Kŏng-mìng,Kүn'min,K’un-ming-hsien,K’un-ming-shih,Yun-nan,Yunnanfu,Yün-nan,Yünnanfu,kanamiga,khunh ming,kn ming,kun ming,kun ming shi,kunamim,kunaminga,kuniminiግ,kunming si,kunminga,kwnmng,kwnmyng,kwnmyngh,qwnmyng,Κουνμίγκ,Куенминг,Кунмин,Куньмин,Куньмин шаары,Куньминь,Куньмін,Күньмин,Կունմին,קונמינג,كونمينغ,كۈنمىڭ شەھىرى,کن مِنگ,کونمنگ,کونمینگ,کون‌مینگ,कुनमिंग,कुन्मिंग,কুনমিং,ਕਨਮਿੰਗ,คุนหมิง,ကူမင်းမြို့,კუნმინი,ኩንሚንግ,昆明,昆明市,쿤밍 시	25.03889	102.71833	P	PPLA	CN		29	5301			5950578		1895	Asia/Shanghai	2026-09-02
1280737	Lhasa	Lhasa	LXA,La-sa-shih,Lasa,Lasao,Lassa,Lhas,Lhasa,Lhasa Shi,Lhasa-chhi,Lhasa-chhī,Lhasa-su,Lhasa-sṳ,Lhassa,Lhasza,Lhásza,Lkhas,Lkhasa,Lkhasa shaary,Lkhasae,Lkhase,Lása,l'hasa,la sa,la sa shi,laca,lasa,lassa si,lhasa,lhsh,rasa,rasa shi,Λάσα,Ласа,Лхас,Лхасæ,Лхаса,Лхаса балһсн,Лхаса шаары,Лхасе,Һаса,להסה,لاسا,لاسا شەھىرى,لهاسا,لہاسا,ल्हासा,লাসা,ਲਾਸਾ,ଲାସା,லாசா,ลาซา,ལ་ས།,ལྷ་ས།,ლჰასა,ላሳ,ラサ,ラサ市,拉萨,拉萨市,拉薩,拉薩市,라사,라싸 시	29.65	91.1	P	PPLA	CN		14	5401			867900		3651	Asia/Shanghai	2026-08-26
1790630	Xi’an	Xi'an	Ch'ang-an,Ch'ang-an-hsien,Ch’ang-an,Ch’ang-an-hsien,Hsi Gnan Fu,Hsi-an,Hsi-an-shih,Hsi-ching,Hsi-ching-shih,Hsingan,SIA,Si-Gan-Fu,Sian,Sian',Siana,Sianas,Sianfu,Siano,Siaņa,Siking,Singan,Singano,Sjan,Tay An,Tây An,Xi'an,Xi'an - xi an,Xi'an Shi,Xian,Xi’an,Xi’an Shi,Xī'ān,jiyana,shyan,si xan,si'ana,sian si,siyani,syan,xi an,xi an shi,Ŝiano,Ŝingano,Šjan,Сиань,Сіань,سیان,شىئەن شەھىرى,شيآن,शिआन,জিয়ান,ਸ਼ੀਆਨ,ซีอาน,ስያን,西安,西安市,시안 시	34.25833	108.92861	P	PPLA	CN		26	6101			12952907		416	Asia/Shanghai	2026-08-26
1804430	Lanzhou	Lanzhou	Kao-lan-hsien,Kaolan,LHW,Lan Chau,Lan Châu,Lan'chzhou,Lan'chzhou shaary,Lan'zhou,Lan-chiu-chhi,Lan-chou,Lan-chou-shih,Lan-cou,Lan-čou,Lanchjou,Lanchow,Lanchowfu,Lancjou,Lancsou,Landzhou,Landzou,Landzov,Landžou,Landžov,Lang-ciu,Langouo,Lantsjou,Lantsoou,Lanzcouh,Lanzhou,Lanzhou Shi,Lançjou,Lanĝoŭo,Laņdžou,Làng-ciŭ,Lân-chiu-chhī,hlan cow,lan jw,lan zhou,lan zhou shi,lanajha'u,lanazu,lanizoው,lanjeou si,lanjhu,lantshw,lanzhw,Λαντσόου,Ланджоу,Ланьжоу,Ланьчжоу,Ланьчжоу шаары,Ланьчжоў,Ланџоу,لان جو,لانتشو,لانزہو,لانژو,لەنجۇ شەھىرى,लान्झू,লানঝাউ,ਲਾਨਜ਼ੂ,หลานโจว,ལན་ཀྲོའུ།,ላንዞው,兰州,兰州市,蘭州,蘭州市,란저우 시	36.05701	103.83987	P	PPLA	CN		15	6201			4359446		1521	Asia/Shanghai	2026-08-26
1788852	Xining	Xining	Hsi-ning,Hsi-ning-shih,Hszining,Sa-ning,Se-leng-chhi,Se-lêng-chhī,Shinin,Shining shehiri,Si-nen-su,Si-ning,Sihningz,Siniin,Sinin,Sining,Sining-hsien,Siningas,Siningfu,Sinino,Sî-nèn-sṳ,Să̤-nìng,Tay Ninh,Tây Ninh,XNN,Xining,Xining Shi,Xīníng,jinim,shynyng,shynyngh,siniga,sinin,sining si,sininga,sinini,sininiግ,synyng,xi ning,xi ning shi,znng,Šining,Синиин,Синин,Сининг,Сінін,Шинин,שינינג,زننگ,شينينغ,شینینگ,शिनिंग,জিনিং,ਸ਼ਿਨਿੰਗ,ཟི་ལིང་།,სინინი,ስኒንግ,ᠰᠢᠨᠢᠩ,西宁,西宁市,西寧,西寧市,시닝 시	36.62554	101.75739	P	PPLA	CN		06	6301			2467965		2275	Asia/Shanghai	2026-08-26
1786657	Yinchuan	Yinchuan	Gin-chhoan-chhi,Gîn-chhoan-chhī,Ho-lan,INC,In'chuan',Inchuan,Incuanas,Inčuanas,Jin-cchuan,Jin-čchuan,Jinchuan,Jincuan,Jinčuan,Ngan Xuyen,Ngung-chiong,Ngân Xuyên,Ngṳ̀ng-chiŏng,Ning-hsia,Ningsia,Ningsia-hsien,Ningsiafu,Thanh pho Ngan Xuyen,Thành phố Ngân Xuyên,Yin-ch'uan-shih,Yin-ch’uan-shih,Yinchuan,Yinchuan Shi,Yinzconh,Yínchuān,inacuyana,inchwan si,mdynt ynshwan,yin chuan,yin chuan shi,yinacu'ana,yinicuwani,yn chwan,ynchwan,yynchwan,Іньчуань,Їньчуань,Јинчуан,Инчуан,Иньчуань,مدينة ينشوان,يىنچۈئەن شەھىرى,ین چوان,ینچوآن,ینچوان,یینچوان,यिनचुआन,ইনচুয়ান,ਯਿਨਚੁਆਨ,യിഞ്ചുവാൻ,ཡིན་ཁྲོའོན་གྲོང་ཁྱེར།,ይንቹዋን,銀川,銀川市,银川,银川市,인촨 시	38.46806	106.27306	P	PPLA	CN		21	6401			2859074		1117	Asia/Shanghai	2026-08-26
1529102	Ürümqi	UEruemqi	Dihua,Dikhua,O'rumchi,OEremce,Ouroumtchi,Ouroumtsi,Oʻrumchi,Ti-hua,Ti-hua-ch'eng,Ti-hua-ch’eng,Ti-hua-hsien,Ti-hua-shih,Tihwa,Tihwafu,Tikhua,Tikhva,UEruemchi-su,UEruemci,UEruemcsi,UEruemqi,UEruemqi-chhi,URC,Urumchi,Urumchy,Urumci,Urumcio,Urumcis,Urumczi,Urumi City,Urumptsi,Urumqi,Urumtschi,Urumtsi,Urumutsi,Urumçi,Urumĉio,Urumči,Urumčis,Urunchi,Wu-lu-mu-ch'i,Wu-lu-mu-ch'i-shih,Wu-lu-mu-ch’i,Wu-lu-mu-ch’i-shih,Wulumuqi,Wurumch'ih,Wurumch’ih,arwmchy,awrwmchy,awrwmtshy,di hua,ulumuchi si,urumaci,urumaki,urumchi,urumucci,urumuchi,urumuchi shi,wu lu mu qi,wu lu mu qi shi,xu rum chi,yۈrۈmchy,Öremçe,Ürümchi,Ürümchi-sṳ,Ürümcsi,Ürümqi,Ürümqi-chhī,Ürümçi,ʿuruምci,Ουρουμτσί,Ουρούμτσι,Урумчи,Урумчы,Урумчі,Урумћи,Үрімжі,Үрүмчи,Үрүмчү,Өрөмч хот,Ուրումչի,אורומצי,أورومتشي,ئۈرۈمچى,ئۈرۈمچى شەھىرى,ئۈرۈمچی,ارومچی,اورومچی,उरुमची,उरुम्छी,উরুমকি,ਉਰੂਮਕੀ,உருமுச்சி,อุรุมชี,ཨུ་རུམ་ཆི་གྲོང་ཁྱེར།,ურუმჩი,ኡሩምቺ,ᠥᠷᠥᠮᠴᠢ,ウルムチ,ウルムチ市,乌鲁木齐,乌鲁木齐市,烏魯木齊,烏魯木齊市,迪化,우루무치 시	43.80096	87.60046	P	PPLA	CN		13	6501			4054000		862	Asia/Urumqi	2026-08-26
1668341	Taipei	Taipei	GJai Bac,Kota Taipei,Pan Kiao,Pan-ch'iao,Pan-ch'iao-chen,Pan-ch'iao-chieh,Pan-ch’iao,Pan-ch’iao-chen,Pan-ch’iao-chieh,T'ai-pei,T'ai-pei Shih,T'ai-pei-hsien,TPE,Taibei Shi,Taibei Shih,Taibejus,Taibėjus,Taipe,Taipeh,Taipei,Taipeia,Taipeium,Taipejus,Taipé,Taipéi,Taipėjus,Tajbehj,Tajbej,Tajpej,Tajpeo,Tayipeh,Tayipèh,Taypey,Tchaj-pej,Tʻaypey,T’ai-pei,T’ai-pei Shih,T’ai-pei-hsien,ta'ipe,ta'ipe'i,tai bei,tai bei shi,taibei,taibei si,taipei,taippei,taybyh,thipe,Đài Bắc,Ταϊπέι,Тайбей,Тайбэй,Тайпей,Тајпеј,Թայպեյ,טאיפי,טאיפיי,تايبيه,تەيبېي,ताइपे,টাইপেই,ไทเป,ཐའེ་པེ,ታይፔ,台北,台北市,臺北市,타이베이,타이베이 시,타이뻬이,타이페이	25.05306	121.52639	P	PPLC	TW		04	TPE			7871900		5	Asia/Taipei	2025-02-24
1819729	Hong Kong	Hong Kong	Chon'nk Kon'nk,Gankong,Gon Kong,Gonkong,HK,HKG,Heung Gong,Hiong-geng,Hiŏng-gē̤ng,Hong Kong,Hongkong,Honkong,Honkongo,Hồng Kông,Khongkong,Khonkong,Victoria,Xianggang,ankan,hamga kamga,hanakana,hang kang,hang kang nagaram,hangakanga,hang‌kang,hankam,heankean,hng kng,hon'ga kon'ga,hong-kʼongi,hongakonga,hongkong,honkongu,hwng kwng,hwng qwng,hwngh kwngh,hwnj kwnj,hxngkng,hʼng qʼng,shyanggang,xiang gang,Χονγκ Κονγκ,Ганконг,Гонконг,Хонгконг,Хонконг,Һoң Koң,Һоң Коң,Հոնկոնգ,האנג קאנג,הונג קונג,شياڭگاڭ,هانگ کانگ,هنگ کنگ,هونج كونج,هونغ كونغ,هونگ کونگ,ھwng kwng,ھونگ کونگ,ھۆng kۆng,ھۆنگ کۆنگ,ہang kang,ہانگ کانگ,ހޮންކޮންގު,हङकङ,हाँग काँग,हांगकांग,हांग् कांग् नगरम्,हॉन्ग कॉन्ग,হংকং,ਹਾਂਗਕਾਂਗ,હોંગકોંગ,ହଂକଂ,ஆங்காங்,హాంగ్‌కాంగ్,ಹಾಂಗ್ ಕಾಂಗ್,ഹോങ്കോങ്,හොංකොං,ฮ่องกง,ཧང་ཀང་།,ཧོང་ཀོང་།,ဟောငကောင,ဟောင်ကောင်,ჰონგ-კონგი,ሆንግ ኮንግ,ហងកង,ហុងកុង,香港,홍콩	22.27832	114.17469	P	PPLC	HK						7396076		60	Asia/Hong_Kong	2025-08-25
1821274	Macau	Macau	Aomen,Aomin',Au-mun,Aumwnz,Aumyn,Cidade de Macau,Cidade do Santo Nome de Deus de Macau,MFM,Ma Cao,Macao,Macau,Macaum,Makaa,Makaaw,Makao,Makaou,Makau,Makaw,Makawo,Makaó,Makee,Makèë,Màkáù,O-muong,ao men,maka,maka'o,maka'u,makao,makavu,makaw,makayw,makkavu,mkaw,Àu-mûn,Ó̤-muòng,Μακάου,Аоминь,Аумын,Макаа,Макао,מקאו,ئاۋمېن,ماكاو,ماکائو,مکاؤ,މަކާއޫ,मकाउ,मकाओ,মাকাউ,ਮਕਾਉ,મકાઉ,மக்காவு,మకావు,ಮಕಾವು,മകൗ,เขตบริหารพิเศษมาเก๊า,မကာအို,მაკაო,マカオ,澳門,澳门,마카오	22.20056	113.54611	P	PPLC	MO		02				649335		28	Asia/Macau	2024-08-27
